name,id,hp_min,hp_max,type,act
The Architect,ARCHITECT,,,Normal,
Assassin Raider,ASSASSIN_RUBY_RAIDER,,,Normal,
Axe Raider,AXE_RUBY_RAIDER,,,Normal,
Axebot,AXEBOT,,,Normal,
Battle Friend V1.0,BATTLE_FRIEND_V1,,,Normal,
Battle Friend V2.0,BATTLE_FRIEND_V2,,,Normal,
Battle Friend V3.0,BATTLE_FRIEND_V3,,,Normal,
Bowlbug (Egg),BOWLBUG_EGG,,,Normal,
Bowlbug (Nectar),BOWLBUG_NECTAR,,,Normal,
Bowlbug (Rock),BOWLBUG_ROCK,,,Normal,
Bowlbug (Silk),BOWLBUG_SILK,,,Normal,
Brute Raider,BRUTE_RUBY_RAIDER,,,Normal,
Bygone Effigy,BYGONE_EFFIGY,,,Elite,
Byrdonis,BYRDONIS,,,Elite,
Byrdpip,BYRDPIP,,,Normal,
Calcified Cultist,CALCIFIED_CULTIST,,,Normal,
Ceremonial Beast,CEREMONIAL_BEAST,,,Boss,
Chomper,CHOMPER,,,Normal,
Corpse Slug,CORPSE_SLUG,,,Normal,
Crossbow Raider,CROSSBOW_RUBY_RAIDER,,,Normal,
Crusher,CRUSHER,,,Boss,
Cubex Construct,CUBEX_CONSTRUCT,,,Normal,
Damp Cultist,DAMP_CULTIST,,,Normal,
Decimillipede,DECIMILLIPEDE_SEGMENT,,,Normal,
Devoted Sculptor,DEVOTED_SCULPTOR,,,Normal,
Door,DOOR,,,Boss,
Doormaker,DOORMAKER,,,Boss,
Entomancer,ENTOMANCER,,,Elite,
Exoskeleton,EXOSKELETON,,,Normal,
Eye With Teeth,EYE_WITH_TEETH,,,Normal,
Fabricator,FABRICATOR,,,Normal,
Fat Gremlin,FAT_GREMLIN,,,Normal,
Flail Knight,FLAIL_KNIGHT,,,Elite,
Flyconid,FLYCONID,,,Normal,
Fogmog,FOGMOG,,,Normal,
Fossil Stalker,FOSSIL_STALKER,,,Normal,
Frog Knight,FROG_KNIGHT,,,Normal,
Fuzzy Wurm Crawler,FUZZY_WURM_CRAWLER,,,Normal,
Gas Bomb,GAS_BOMB,,,Normal,
Globe Head,GLOBE_HEAD,,,Normal,
Gremlin Merc,GREMLIN_MERC,,,Normal,
Guardbot,GUARDBOT,,,Normal,
Haunted Ship,HAUNTED_SHIP,,,Normal,
Hunter Killer,HUNTER_KILLER,,,Normal,
Infested Prism,INFESTED_PRISM,,,Elite,
Inklet,INKLET,,,Normal,
Kin Follower,KIN_FOLLOWER,,,Boss,
Kin Priest,KIN_PRIEST,,,Boss,
Knowledge Demon,KNOWLEDGE_DEMON,,,Boss,
Lagavulin Matriarch,LAGAVULIN_MATRIARCH,,,Boss,
Leaf Slime (M),LEAF_SLIME_M,,,Normal,
Leaf Slime (S),LEAF_SLIME_S,,,Normal,
Living Fog,LIVING_FOG,,,Normal,
Living Shield,LIVING_SHIELD,,,Normal,
Louse Progenitor,LOUSE_PROGENITOR,,,Normal,
Magi Knight,MAGI_KNIGHT,,,Elite,
Mawler,MAWLER,,,Normal,
Mecha Knight,MECHA_KNIGHT,,,Elite,
Myte,MYTE,,,Normal,
Nibbit,NIBBIT,,,Normal,
Noisebot,NOISEBOT,,,Normal,
Osty,OSTY,,,Normal,
Ovicopter,OVICOPTER,,,Normal,
Owl Magistrate,OWL_MAGISTRATE,,,Normal,
Pael's Legion,PAELS_LEGION,,,Normal,
Parafright,PARAFRIGHT,,,Normal,
Phantasmal Gardener,PHANTASMAL_GARDENER,,,Elite,
Phrog Parasite,PHROG_PARASITE,,,Elite,
Punch Construct,PUNCH_CONSTRUCT,,,Normal,
Queen,QUEEN,,,Boss,
Rocket,ROCKET,,,Boss,
Scroll of Biting,SCROLL_OF_BITING,,,Normal,
Seapunk,SEAPUNK,,,Normal,
Sewer Clam,SEWER_CLAM,,,Normal,
Shrinker Beetle,SHRINKER_BEETLE,,,Normal,
Skulking Colony,SKULKING_COLONY,,,Elite,
Slimed Berserker,SLIMED_BERSERKER,,,Normal,
Slithering Strangler,SLITHERING_STRANGLER,,,Normal,
Sludge Spinner,SLUDGE_SPINNER,,,Normal,
Slumbering Beetle,SLUMBERING_BEETLE,,,Normal,
Snapping Jaxfruit,SNAPPING_JAXFRUIT,,,Normal,
Sneaky Gremlin,SNEAKY_GREMLIN,,,Normal,
Soul Fysh,SOUL_FYSH,,,Boss,
Soul Nexus,SOUL_NEXUS,,,Elite,
Spectral Knight,SPECTRAL_KNIGHT,,,Elite,
Spiny Toad,SPINY_TOAD,,,Normal,
Stabbot,STABBOT,,,Normal,
Terror Eel,TERROR_EEL,,,Elite,
Test Subject #C{Count},TEST_SUBJECT,,,Boss,
The Adversary Mk 1,THE_ADVERSARY_MK_ONE,,,Normal,
The Adversary Mk 3,THE_ADVERSARY_MK_THREE,,,Normal,
The Adversary Mk 2,THE_ADVERSARY_MK_TWO,,,Normal,
The Forgotten,THE_FORGOTTEN,,,Normal,
The Insatiable,THE_INSATIABLE,,,Boss,
The Lost,THE_LOST,,,Normal,
The Obscura,THE_OBSCURA,,,Normal,
Thieving Hopper,THIEVING_HOPPER,,,Normal,
Toadpole,TOADPOLE,,,Normal,
Torch Head Amalgam,TORCH_HEAD_AMALGAM,,,Boss,
Tough Egg,TOUGH_EGG,,,Normal,
Tracker Raider,TRACKER_RUBY_RAIDER,,,Normal,
Tunneler,TUNNELER,,,Normal,
Turret Operator,TURRET_OPERATOR,,,Normal,
Twig Slime (M),TWIG_SLIME_M,,,Normal,
Twig Slime (S),TWIG_SLIME_S,,,Normal,
Two-Tailed Rat,TWO_TAILED_RAT,,,Normal,
Vantom,VANTOM,,,Boss,
Vine Shambler,VINE_SHAMBLER,,,Normal,
Waterfall Giant,WATERFALL_GIANT,,,Boss,
Wriggler,WRIGGLER,,,Elite,
Zapbot,ZAPBOT,,,Normal,
